{"cameraMode":{"drawMode":0,"name":"Shaded","section":"Shading Mode"},"sceneLighting":true,"audioPlay":false,"sceneViewState":{"m_AlwaysRefresh":false,"showFog":true,"showSkybox":true,"showFlares":true,"showImageEffects":true,"showParticleSystems":true,"showVisualEffectGraphs":true,"m_FxEnabled":true},"in2DMode":false,"pivot":{"x":11.37274169921875,"y":-1.8609330654144288,"z":0.22187736630439759},"rotation":{"x":0.07685456424951554,"y":0.6991820335388184,"z":-0.07602299004793167,"w":0.7067743539810181},"size":7.820599555969238,"orthographic":false}