{"cameraMode":{"drawMode":0,"name":"Shaded","section":"Shading Mode"},"sceneLighting":true,"audioPlay":false,"sceneViewState":{"showFog":true,"showMaterialUpdate":false,"showSkybox":true,"showFlares":true,"showImageEffects":true,"showParticleSystems":true},"in2DMode":false,"pivot":{"x":16.81361198425293,"y":9.68608283996582,"z":-16.66681480407715},"rotation":{"x":-0.07050705701112747,"y":0.08279439806938172,"z":-0.005872616544365883,"w":-0.994051992893219},"size":20.228710174560548,"orthographic":false}