{"cameraMode":{"drawMode":0,"name":"Shaded","section":"Shading Mode"},"sceneLighting":false,"audioPlay":false,"sceneViewState":{"showFog":true,"showMaterialUpdate":false,"showSkybox":true,"showFlares":true,"showImageEffects":true,"showParticleSystems":true},"in2DMode":false,"pivot":{"x":23.104341506958009,"y":7.384408950805664,"z":15.873584747314454},"rotation":{"x":-0.004798620007932186,"y":0.06804417073726654,"z":-0.0003274436458013952,"w":-0.9976707100868225},"size":20.228710174560548,"orthographic":false}