{"cameraMode":{"drawMode":0,"name":"Shaded","section":"Shading Mode"},"sceneLighting":false,"audioPlay":false,"sceneViewState":{"showFog":true,"showMaterialUpdate":false,"showSkybox":false,"showFlares":true,"showImageEffects":true,"showParticleSystems":true},"in2DMode":false,"pivot":{"x":1.3046464920043946,"y":1.415590763092041,"z":-2.532156467437744},"rotation":{"x":-0.009463254362344742,"y":-0.9867978692054749,"z":0.14914923906326295,"w":-0.06256990134716034},"size":6.278055667877197,"orthographic":false}