{"cameraMode":{"drawMode":0,"name":"Shaded","section":"Shading Mode"},"sceneLighting":true,"audioPlay":false,"sceneViewState":{"showFog":true,"showMaterialUpdate":false,"showSkybox":true,"showFlares":true,"showImageEffects":true,"showParticleSystems":true},"in2DMode":false,"pivot":{"x":15.682404518127442,"y":-3.9961166381835939,"z":15.494478225708008},"rotation":{"x":0.03027220070362091,"y":-0.9497671127319336,"z":0.15405744314193726,"w":0.2714073956012726},"size":22.0,"orthographic":false}