{"cameraMode":{"drawMode":0,"name":"Shaded","section":"Shading Mode"},"sceneLighting":true,"audioPlay":false,"sceneViewState":{"showFog":true,"showMaterialUpdate":false,"showSkybox":true,"showFlares":true,"showImageEffects":true,"showParticleSystems":true},"in2DMode":false,"pivot":{"x":-3.5091392993927,"y":6.126010417938232,"z":-3.9141926765441896},"rotation":{"x":-0.4186347723007202,"y":-0.019623631611466409,"z":0.009003558196127415,"w":-0.9079928994178772},"size":2.180310010910034,"orthographic":false}