{"cameraMode":{"drawMode":0,"name":"Shaded","section":"Shading Mode"},"sceneLighting":false,"audioPlay":false,"sceneViewState":{"showFog":true,"showMaterialUpdate":false,"showSkybox":false,"showFlares":true,"showImageEffects":true,"showParticleSystems":true},"in2DMode":false,"pivot":{"x":-0.42468467354774477,"y":3.2822937965393068,"z":4.695111274719238},"rotation":{"x":0.006841347087174654,"y":0.9836942553520203,"z":-0.17656603455543519,"w":0.03721385821700096},"size":4.478054523468018,"orthographic":false}