{"cameraMode":{"drawMode":0,"name":"Shaded","section":"Shading Mode"},"sceneLighting":true,"audioPlay":false,"sceneViewState":{"showFog":true,"showMaterialUpdate":false,"showSkybox":true,"showFlares":true,"showImageEffects":true,"showParticleSystems":true},"in2DMode":false,"pivot":{"x":-63.24570083618164,"y":15.781189918518067,"z":6.459051132202148},"rotation":{"x":0.10126394778490067,"y":0.6723360419273377,"z":-0.0935753658413887,"w":0.7272931933403015},"size":18.990880966186525,"orthographic":false}